EPAssetsId,TVD
1161143,1740.949196
2597084,244.9152904
1164793,1046.683946
1170291,794.1884247
2603236,1568.888132
2592538,258.3550692
1150669,460.7640437
2612739,4.833869057
1173676,383.1328355
1150959,1932.350776
1151710,305.8559478
1174351,796.1208693
2591318,1481.801803
1166008,1053.687932
1172352,1532.848819
2599397,1503.707657
1162832,1218.849084
1172780,1673.839519
1163385,555.6938522
2611696,493.8591231
1165256,40.15725511
1150648,844.2307974
1161214,798.4604823
2622512,377.3301878
1170678,1576.041236
1166076,1566.623041
2596717,1007.090038
2596738,1274.225564
2612598,1581.028688
1174445,1829.46218
1166532,1979.055642
2609905,466.141681
2589125,1997.959852
1167461,1116.421788
2599435,1914.836364
2623392,982.7031961
1161681,967.1912133
2616334,223.1922145
1171039,1215.75866
2588683,1405.155084
1161132,1553.035429
1162111,1306.409606
1161676,774.4058942
1161222,1845.102102
1152600,524.8547512
1163410,1802.506491
1166245,173.668034
1169753,1310.916213
2603263,1147.54133
1159965,1487.524537
2619582,1392.685611
1159959,1106.623442
1167153,147.5517148
2597851,831.1235432
2595347,530.3160721
1162509,1015.932823
1151285,644.680461
1151649,172.0417673
1165279,1850.062746
2597870,393.1359384
2587067,23.58655088
1163847,1727.004163
2613099,499.3539972
2603243,768.8597854
2596819,143.3897171
1151116,1960.377734
1174350,709.7178576
1152833,1154.452804
2608633,689.7081214
1169221,368.2471434
1168922,970.0974332
1168081,533.9240529
1160805,146.7025118
1161502,229.7922713
2612805,1524.976916
1151508,1807.703007
2583886,832.8614894
2608975,225.3191073
2619765,1429.602146
1172211,333.1298037
2588283,1956.566918
2609957,185.0816176
2594169,204.9612821
2600454,66.93025118
2607793,1685.293822
1174392,1378.67277
2591593,73.89929684
1170965,190.4421663
2617455,1301.445557
2609544,131.2624597
2605059,690.9497788
1165819,1623.283892
2591338,403.0789699
2621404,1163.444808
2602279,1796.436645
2607805,822.0426295
1165397,1080.892323
1162492,1755.035643
2621487,906.8893993
2601444,550.7537261
1166818,1389.63154
1172673,131.2489966
2595449,770.6456242
1172219,1095.404771
2617569,1269.812807
2616589,372.867182
2611698,505.7307823
1166493,978.9483866
2588586,8.257132834
1169651,952.4659444
2589121,1311.599571
1166495,490.6448586
2592057,622.4971111
1161745,120.4103004
2600794,190.3323621
2617452,777.015942
1169474,1231.27548
2612596,859.9656205
1162837,1251.734345
2605054,879.8072548
2614922,1048.20786
2605276,1268.465617
1149815,430.2170085
1170980,572.8011639
1168348,239.0499336
2582227,673.1040545
1151697,108.9961868
2583666,937.8660178
1150524,1811.785338
1152643,453.0155943
2613051,1016.114728
1151211,1703.07926
2595536,75.09724135
2614283,1247.072861
1166910,446.0624772
2580288,424.7593776
2605086,1838.965702
1159731,317.4388018
1173478,1598.722326
2602032,310.1280086
2615771,1029.157234
1174415,1289.890564
2606001,114.8880856
2609955,1831.031172
1164076,1120.159729
1161711,1938.805144
1164974,1754.325699
2608606,1959.427926
1168103,1605.740499
1150580,1258.993528
1167203,443.0474388
2622945,256.5791249
1166178,1237.101581
1163377,17.4469762
2602671,1961.33732
1152613,1022.102317
2588623,1095.898084
1164675,1558.286994
1164171,1662.803934
1161385,888.9014458
1161238,731.8800378
2608867,853.279549
1173371,1047.351241
2597725,1428.675845
1161395,473.1209859
2615087,714.8240721
1170236,1628.323625
1151265,1769.88889
2581279,1720.715687
1173762,32.72716985
1160578,1380.433199
1166157,1359.263016
1160518,1291.477978
1173662,1572.286691
2620163,1322.118662
2608712,25.29166906
2592596,847.1932514
2613125,1610.198001
1151643,801.4776039
1174448,1889.392164
1174713,1870.187733
2604968,1354.851412
2612877,116.202423
1165516,1686.299002
1164237,889.7727274
1166583,1170.258047
1150617,199.2237238
1150647,673.5364878
1150302,1231.93813
2613149,529.8194977
2614266,1334.365495
2619146,1280.491727
1168436,1372.207227
2601940,203.3308375
1169761,161.600475
2586617,1110.196094
2622863,1764.338822
1159670,1459.436202
2613442,707.2725733
2596688,894.2222219
2589151,1967.337236
2620661,678.9673038
2599081,1911.382376
2597804,347.0189489
1168981,1165.214508
2615554,480.5912297
2591564,376.1673331
2602693,233.0939977
2588624,1346.196753
1164167,151.0503673
1160986,565.5494798
1150519,464.7002684
1170675,1822.725975
2622973,821.8411003
2617305,1798.280786
2588000,153.680667
1168170,745.9153043
1167510,1117.8427
2607365,1439.160295
1151456,198.1391
1164266,1106.053818
1166324,1542.436558
2604756,1000.308595
1164104,733.4416688
1173415,1077.225626
2604938,1664.588399
2615570,1125.72413
2607456,1088.791383
1173096,732.8630771
1171337,1890.533009
2591509,1421.624977
1161499,1700.378264
2595824,1574.288661
1150961,1900.167162
2603189,1428.133039
2594270,1575.554191
1166012,227.3516579
2607611,314.6001369
1160102,54.00071896
1161682,1591.039184
2613363,1814.973282
1152248,717.9842468
1163521,411.1668311
1167040,547.6746535
1161792,1753.945891
1161115,1321.357019
1171875,1231.156512
2598145,1961.651215
1163019,1131.736496
2615547,250.6019386
2595588,62.53991318
2611363,1794.711493
1165362,403.7201315
2616350,329.3762257
1165149,1315.039515
2597731,1992.986517
2598769,916.9554674
1151732,1931.73007
2606014,1835.895678
2591319,1505.525017
2596730,465.336298
2601926,1080.077162
2609390,250.0844587
2598093,1713.171381
2596734,504.1820208
1152672,1423.669455
1164248,1023.717073
2614777,1496.577483
2612864,1303.192587
1169854,1248.79243
2587068,1300.168928
2597894,1018.447699
2620228,322.0378801
1159682,1219.339434
2595964,771.9475196
1161803,60.82669023
2620205,1553.556796
1166792,1193.653137
1164966,175.2854947
2612718,1032.204175
2608394,8.122193007
1161883,647.924312
1163668,1962.619375
1169261,1836.176279
1152200,103.5289604
2608409,897.8034776
1165988,1102.418238
2596858,161.1765898
1161814,1405.254253
2622962,1195.085102
2594429,1345.247865
1164547,317.6680524
1169927,1240.239659
1152659,1634.863984
1150367,180.3892579
2600465,467.9680285
2587044,1465.170654
1175087,97.42359816
2607614,188.1044997
2609644,1208.20691
2605934,141.3397194
1151703,511.9054803
2614862,1920.024564
1176726,1853.815119
1167459,1074.876058
1167441,1763.48537
1162174,1420.077378
2608371,1110.935417
1172560,300.8676876
2600510,1789.462774
2612738,461.6864017
2602695,970.8814054
2588601,1452.377553
1161377,1588.341453
2617443,1185.093915
2619827,1236.438458
1166224,642.9665027
2600544,500.1785654
2601100,761.8362686
1169419,873.8808979
2608841,1722.834752
2607824,422.0293982
1164445,219.739735
1175107,619.0236811
1163030,543.0543805
1151699,180.6179846
2614221,1706.87171
1169545,1654.77443
1164195,1919.182682
1152249,1351.709807
2609817,370.0362331
1151339,1615.747044
1152319,1071.823266
1170676,277.9307313
1166247,1349.471167
1162581,98.32553394
1170263,1512.104869
2592532,1474.385399
2609934,238.488642
1164532,1645.224192
1169897,673.696392
2617665,1676.273549
2591928,582.2193522
1168609,707.8275364
1152838,852.1904193
2583670,1234.436415
1160902,842.4364383
1166045,1892.650406
2610608,992.7248093
2611030,1736.30261
1170212,474.5468059
2619421,1899.035754
2621837,48.9601762
1168612,1590.594257
1163010,1179.775275
2600760,375.7317345
2589724,1766.211848
2607812,459.5373877
2604840,431.0036364
1166047,141.0052301
1174623,1216.161581
1161045,1227.678413
2594956,1378.909975
1150955,1152.921014
2620574,804.1328308
1165745,0.815204895
1169254,1522.271945
1165357,1611.529262
2585736,455.1306607
1167860,1989.521193
1172038,597.0185698
2600566,1617.840115
2613258,300.314311
1151744,347.6957689
1161517,1831.773763
2613054,1292.424925
2603188,1668.546706
1167181,1757.047721
2618352,1907.900426
2594267,993.374819
2598013,557.9098067
1172280,1758.513562
1151333,1198.705083
2597630,286.380869
2619759,647.5933865
2613147,1426.5019
2595348,825.9328032
2591282,931.7294371
2615775,1555.15728
1150924,1005.367093
2615093,887.2040514
1160830,244.5060788
2586664,1722.942584
1163105,999.5825959
1161886,849.0416438
2617180,1185.82462
2615793,1717.121313
1175110,464.8621532
2595439,813.8737424
1161653,1410.280256
2577139,1814.023084
2588644,449.51267
2611888,201.1653144
1169855,453.4784164
2596017,814.1508879
2602068,518.6833625
1170325,1315.458936
1151944,657.7674057
2608840,1178.859434
1161818,1406.756072
1166853,1701.295963
1172511,1519.151894
1164172,49.47541401
2607435,840.4466846
2600627,793.0388538
2595838,1825.945979
1158813,287.6740369
1169595,171.5758384
1166626,357.9131293
2615047,1055.141852
2586747,405.6774746
1168222,1424.163481
1162738,310.126922
2621844,153.5966076
1161843,219.0355383
1170057,615.2037147
1152738,264.3456316
2595585,260.5534222
2592120,1933.607713
2592016,666.1998317
1151329,360.5461348
2583737,722.0455967
1151734,1748.178095
2599399,28.73877541
1166301,192.8778544
2591916,1112.9906
2591425,1582.152296
1174436,1857.94315
1161482,1403.692738
1171424,1865.368018
1151731,403.7309105
2595553,1090.457485
2606901,1234.890124
1173877,1894.585482
1171352,1225.476812
2591339,1005.528977
2589965,813.835005
1170706,439.5305073
1161782,234.8440515
2614284,1218.096274
2606857,672.9486851
2617444,1594.52466
1170080,937.1794905
2587314,1660.317921
2594303,82.45526814
1150299,1681.669191
1159676,1934.803334
2608862,731.929465
1160989,361.873598
2582234,960.4034304
1170136,1579.182963
2607749,1713.975217
1161543,419.9278927
2592573,491.061826
2607591,1100.055159
2608355,479.9584439
1171131,811.7472114
2588573,44.35731895
2591839,1087.796024
2611239,415.5791995
2600543,1420.718809
2587317,710.4369503
1167312,1529.506977
1172649,108.3310773
2584124,1881.518973
1172253,1339.955975
1162719,452.4253326
2603200,53.30446062
2616593,196.355971
1165783,1851.621414
1170206,633.9840825
2605082,821.0696743
2589656,1205.106049
2591385,408.7219176
2589778,1324.502086
1161172,1570.513111
2592565,244.6398542
1167349,1893.330287
1173449,1961.498701
1160775,413.9737176
1161667,1659.710497
2607713,690.1155912
1172650,856.8946825
1170339,1447.302198
1151262,1793.100341
2605131,167.1363071
2599201,1455.558853
2605933,65.92448103
2621723,562.1282111
1166203,1591.457011
2611398,1846.731056
1163453,1246.831872
1151259,685.5434737
1164416,782.2678701
2585537,1050.519548
1152587,1035.229365
1166807,943.8592731
2596907,213.8406995
2600565,161.5454334
1166058,1792.417671
2619828,551.0152362
2588564,1419.246617
1165975,1821.750892
2622796,1986.852001
1167226,994.6356478
1163911,1078.476095
2599212,1860.502269
2615844,803.9070197
1151326,515.6234037
2615090,1499.008154
1169890,442.5701193
1172512,1702.438348
1170376,1612.803664
1172335,1161.233039
1168251,151.5264823
1150527,975.9649308
1170565,869.0015282
1161865,553.9507259
2605199,123.9065394
2595640,1038.297084
2613032,256.6884289
1171667,454.2359341
2595464,446.4299611
1166889,1577.758175
2620630,1453.679504
2605781,83.98232403
1160882,749.1454022
1173759,1885.385317
1172561,549.7497635
1167853,1214.972408
1163812,887.1811822
2605395,1088.144367
1174235,808.5619867
2615058,634.5681383
2615054,1277.765786
2602618,1217.405405
2605896,934.2032726
2610571,1504.556261
2606838,1943.520703
2613127,78.95090597
1152789,1522.105259
2607719,845.5870401
2588276,1334.774604
2613014,1824.651943
2594286,1443.470007
2604077,716.6263807
2613298,1562.494282
2597118,1625.962232
1152792,740.6808197
1166109,1574.871788
1163620,402.1920691
1173842,467.3620514
2597659,1740.686169
1166843,783.6892458
2590429,160.2785593
2611673,694.6650471
2619139,912.2341922
1165192,891.1091052
2606749,996.6613957
1164945,1899.273749
2614099,157.5136708
2595777,1435.199713
1162709,1998.852161
2597120,773.6288332
2616046,1865.007803
2611668,1296.480339
2604793,1377.458777
2595538,1415.078981
1165514,1811.148485
1173389,401.2638252
2608354,1837.0974
2599091,1448.518566
2606742,299.2701485
2600499,1391.13092
2610536,817.4606704
1151301,1399.174656
2595443,1692.055121
1167940,1018.793027
1151219,961.5324088
1151952,1271.160837
2599220,803.5871922
2621101,762.9783299
2594895,1843.541768
2597888,1400.024881
1152586,396.3679826
1160895,1556.180815
1168911,269.9788089
1152766,1246.625734
2601104,1388.591921
1171407,121.1953681
2588654,606.9239242
2587042,1956.566486
2588070,1776.121198
2594386,333.5895419
1168160,454.8538772
2592056,1156.275446
2614780,1538.282174
2592239,1438.42519
1176051,1466.950869
2599085,1079.830289
1175104,110.2119637
1165816,93.54318994
1168155,1056.944412
1161534,1802.925007
2589126,262.4125581
1161801,1639.27894
1166202,43.15215721
2590290,1366.922602
2587177,1709.807337
2606893,27.69898396
1169751,302.3569909
1169326,625.4637579
1160974,1097.397042
2588539,1999.095823
1161153,1957.679755
1151331,1199.044348
2623760,1364.889527
1168552,363.3695731
2603926,696.8626273
1152668,1205.174612
2602785,1676.42047
1171463,1871.761539
2620026,78.7317883
1169720,1600.207097
1154299,1666.672044
2595617,910.7022787
2620827,1139.811427
1166624,1662.553161
2587191,1057.567612
2613273,616.7512499
2595576,543.9748907
1164207,1022.200632
1150525,1064.33365
1162925,879.4389839
2609880,1162.312885
2601053,440.7184641
2596021,548.9391956
1150968,749.5636707
1165538,1952.212251
1152699,112.1350045
1175352,1420.424352
2603857,602.0808779
2591925,1903.312304
1164862,1101.99773
2608974,901.160198
1169833,731.1654732
2616697,182.8086401
1160779,759.1922339
2622331,132.0851245
1150933,227.299205
1164820,260.0155598
1166534,1535.133685
1169543,657.8471649
2597512,1274.030712
2593287,1087.550885
2597844,776.578492
1173384,1780.786895
2607534,983.2651847
1165305,286.7493168
2597799,659.850547
1166802,1132.025871
2587657,1662.96579
1165250,243.5129559
1170321,501.1028872
2611039,1193.02699
1165341,997.6497842
1168394,723.9958212
2617295,951.3355965
2601490,1925.856995
1174737,978.2579078
1168856,540.1092897
1162998,151.1728536
2618241,914.3795586
1167935,1439.673662
1152746,369.4380983
2595021,137.5465558
2614213,503.6116587
2615553,1691.319478
1170079,997.956345
2597868,1381.36033
2615001,88.72981902
1161239,1107.800022
2621716,1697.207954
1166808,1100.06638
2611669,193.0814697
2595619,773.8541906
2617125,179.4638209
1149783,891.98094
1171034,1480.944205
2613148,757.9420639
2614348,807.2671092
1162617,382.1214093
1166282,1006.999491
1166919,516.1922655
2595650,757.2699275
2597893,1483.056414
2612069,766.1625193
1173420,414.2035432
2600589,408.0749242
1161343,413.6401225
1150271,193.7225012
1171727,2.831208352
2604368,1096.45822
1172507,1798.244664
2613266,1716.150263
1164168,32.44313104
2603248,1800.922619
2604782,75.08941366
1173397,106.1619016
1169786,234.4950531
1170779,338.0166821
1165739,500.5527986
1161188,1585.154252
1150259,1634.702151
1169889,1566.348804
2602699,1634.70768
1149180,962.5411104
2594858,1177.303182
2587184,879.507216
1165161,218.3717988
1166562,1543.782181
2586970,905.8631238
1165378,1900.04329
1150632,1321.992535
2602623,1485.300512
1167223,167.6866431
1151668,1849.004009
2586205,604.2311562
1161991,1543.737264
2609562,1017.034965
2589813,1677.383396
1152620,971.9570759
2594874,1643.029361
1149735,361.5419356
2587190,1813.177639
1164984,514.1913599
1152314,1838.307602
2621058,175.3300366
2587999,1583.22826
2587316,1665.404414
1164106,87.66495459
2608821,68.70283315
1164665,555.7217647
1169656,187.4429857
1173422,105.7373858
2600438,1198.388682
2595577,1715.676727
2588006,78.02065139
1167430,691.3557769
2619384,545.8701769
1169183,1602.691809
1167596,472.3854379
1162767,123.1260984
2620494,1453.55897
2603282,1883.163282
1164790,1784.680797
2582134,372.2720243
2614662,1359.413914
1168463,1801.764042
2617515,1287.944833
2610572,550.6883183
1151477,691.5188685
2619763,1861.107255
1170599,1230.994932
2612163,423.5935161
2595541,1027.260472
1165773,1379.374666
2608717,1822.111223
2608983,702.3816759
2595963,250.3648451
1170564,1515.731378
2600434,1430.97291
1151503,1003.903028
2613295,738.9651498
1166518,587.8361695
2608629,218.0022947
2610487,1515.847821
1173608,1968.980401
1162293,711.4882476
1151461,176.3996085
1160972,1845.119609
1165254,1132.596927
1151661,1065.784207
1169657,1901.130767
1163814,1148.786203
1163839,570.4422397
2604373,249.0427318
2590384,886.9114789
2610691,772.8459415
2608401,835.8495946
1167593,1532.132016
1152764,879.2774388
1161379,29.90611379
1162643,1412.198411
1151077,646.3647983
2600452,1923.45032
2596812,846.7437802
1162954,537.0771137
2609884,327.6600775
2591913,282.6959469
2592614,916.3487397
1161091,992.2021013
2607538,1355.900588
2603232,1216.89597
1152602,1048.923557
2606050,1694.076197
1151460,1656.531189
1170557,479.8311416
1170781,167.2170563
1151656,909.4592526
1167589,803.3796593
1170207,1962.908479
2615996,234.4187207
1152686,865.1873089
1163018,1528.827054
1161235,882.1332499
1174953,966.3413158
1171729,647.1392744
2597729,600.8649865
2602274,1414.134448
2593695,945.1963869
2587172,216.4607561
1161350,1037.840214
1170748,1852.271343
1149677,1445.044586
1167202,1297.130373
1162540,717.1844825
1162921,613.2591654
1172939,494.1610232
1167089,74.18134534
1170091,324.9816725
1161504,623.6720736
1169250,282.8299761
1162721,724.4640309
2607804,1520.896076
2585295,1130.633978
2598151,55.12614862
2611661,1703.993657
2601108,982.4099011
1170600,675.7788817
2588015,1171.776618
2620162,864.193296
2619796,1508.222098
2607801,918.4256217
2587181,816.1450938
2595583,424.288857
1161943,598.0161312
1162831,1491.164239
1172304,1009.071434
2595358,1186.461632
2616685,1894.159669
1166255,63.91016009
2595388,1332.785778
1175543,1802.338514
2605282,1844.119205
1151498,1115.567145
1167503,1348.429558
1159754,1219.746366
1161086,725.3623601
1151478,908.9599315
2617282,1298.819405
2583762,229.0566023
2606960,170.2380695
1168511,991.4993595
2594253,1686.634265
1171725,688.6344356
1171726,1607.0908
2608700,1838.714602
2613580,365.2287345
1170058,66.56553505
1168108,368.2013501
1166276,378.4460361
1161129,1537.02941
1151087,1122.008905
2610716,1522.702002
2605990,35.64691971
2591479,840.5404315
2588808,1899.923955
1151648,560.1286008
1152141,1661.916425
1164250,1177.841195
1167063,1799.419937
2607836,17.87985296
1167898,1438.220794
1170959,696.507521
1151387,1593.362002
1172302,1021.332262
2597730,1148.086686
2606002,805.7965819
1152666,689.0962063
2612786,1436.851445
2589751,1474.686599
2605866,1496.318868
2598192,332.6286264
2607523,382.3399547
2621486,1688.20725
1165818,1814.051808
2606892,553.0831912
1170559,504.2409146
2615857,540.0271063
1170945,748.0740347
1173578,302.2796826
2610964,1530.837779
2606799,203.0490424
2622994,1816.655391
2592613,306.52164
1173310,1776.539719
1172334,782.8637075
1163701,1872.098075
2619738,324.0422168
1163221,1459.716542
1152601,1781.568773
2619703,955.9343686
1175124,1676.00944
1160662,1593.986966
1164128,1924.442031
2618357,1325.074108
2602783,1018.602425
1161942,879.0305082
2617178,1155.464151
2596151,717.5375563
1151664,1892.10716
2591341,341.9191077
1170614,534.3346016
1150638,174.2730224
2595507,1325.942724
1164880,1522.362867
1166633,1423.416208
2615057,136.5171422
2611694,1918.263187
1174450,692.1864865
1161696,867.4784006
1165375,882.110885
1168080,1875.409256
1170725,1773.060737
2605908,1251.465075
1169239,423.7370362
2613403,1733.880687
1152038,1912.811535
1160901,1912.690174
1152744,941.2213611
2611089,636.4807659
2600500,1247.381614
1167156,1934.987661
1145496,1385.829215
1170297,488.6287661
2618520,1320.432504
1161864,242.0065125
1165815,1151.381068
2604252,476.6790572
2611241,1876.140859
1165253,1604.885352
2588583,345.0898948
1162984,444.8863822
1165515,1559.276224
2601942,801.7558587
1151213,1857.763589
1172337,1575.11239
1166079,359.7793373
2619769,896.7005987
1164265,742.8729025
1159671,799.895115
1149779,1541.589153
2586992,1140.465816
1164791,1368.325404
1152484,1346.595198
1173679,745.7201019
2598189,1216.826914
1168947,694.5481427
1150958,1345.515847
2596938,284.8243873
1170213,1623.893391
2618237,904.8704556
1160966,118.1185545
1163135,41.63293445
1160794,607.181448
2592203,213.6375136
1169512,1073.841616
2616556,1211.590779
2617171,1267.096939
2595508,351.7092336
1172564,1261.600554
2598012,781.734655
1171665,1698.296862
2599006,1243.924684
1164992,1445.908156
1166579,1648.250826
2593391,1097.531588
2594180,1440.533754
1145472,1658.618796
2615115,1978.861257
2606738,212.606331
1159691,1339.798356
2605987,1138.373604
1166316,532.4815094
2617297,1611.420183
2621039,316.214355
1167826,311.1483216
2612594,243.5067452
1159914,626.1019653
1165195,1118.929152
1163977,1014.188805
1150603,1903.845542
2616320,640.4511302
2589673,915.1554682
1175397,1829.554991
2609560,1289.282475
1163906,1887.21177
2603286,1494.431688
1167624,303.5600848
1163224,1307.971781
2584315,608.3234183
2606021,1721.304955
1163180,160.6815585
2607464,6.95891374
2580120,1852.618909
1172566,388.9475879
1152669,66.26385996
2606016,121.9144949
1166820,1849.125357
1161062,1354.671169
2597902,1580.578609
1174085,581.5718621
2620932,1339.543237
2594889,273.9134778
2612883,1015.773538
1150528,1699.897639
1163118,536.3375573
2618673,1869.302037
2606682,1921.813545
1162988,886.2295139
1167612,1955.158966
1164100,1029.233961
2606900,711.6494452
1170978,1010.809893
2617140,1293.550142
1172069,273.8638226
2606753,987.5747194
1169531,320.1552961
1152901,1507.170577
1151465,1747.102466
1168667,998.5492169
1172671,745.0015716
1167861,274.4584373
2600437,62.58740076
1151979,918.281861
2600749,1241.270543
1150954,400.7094639
1172131,896.1647673
1151075,889.4937097
2596895,1311.243556
2601587,1668.18527
1161585,1043.334801
1150671,1955.43324
1166915,1723.585257
1162817,1922.862202
1175311,1887.125089
1173912,539.3627728
2607547,1652.719577
1163750,795.14848
1161710,822.2430133
2595550,973.4725013
2589100,460.3727355
1153234,1246.005967
1174682,560.8108797
1170323,1707.61828
2611636,282.1155036
1165304,677.7398398
2588281,1239.825642
1173004,1441.916016
2585782,1814.512033
2604678,191.7258284
1167595,993.2757538
1171442,581.1179801
2593733,1765.014823
2602069,692.6369011
2605898,1700.399891
1163085,1980.061231
2612677,72.42688579
1161855,1212.962079
1162723,392.4178572
2608656,706.1732655
1166044,1727.494697
2620015,540.2093641
1152582,1902.2787
1161746,405.6980916
1152347,1976.229091
1160942,1261.03605
1152551,1360.724232
1166130,1487.323794
2591314,769.1457618
1171795,1502.262909
1171331,213.2003548
2588598,1946.842827
2609818,365.1086533
1165077,1411.837045
2595345,780.393956
2588559,329.8040683
2615000,1874.585283
1167237,1647.302244
2586665,1835.077085
1162567,1485.726127
1162377,490.1932561
2594251,1401.81035
2615930,130.5093169
1162952,1713.421546
2614776,1060.699103
2607549,1413.356133
2621340,1745.417818
1149181,83.86066158
2604358,203.209452
2598989,269.7272921
1174465,51.34528675
1151469,1520.865893
1152258,871.1039725
2595655,724.6174273
1160433,374.8684999
1170224,455.3409853
1172213,962.2266457
1173691,572.2639751
2579208,1917.995602
1151516,1077.250611
2586746,662.8143847
1169654,948.4114343
2593751,1472.048061
1151896,1222.292946
1160900,1423.152729
2616496,88.85383184
2591478,525.6119177
1166156,621.7407315
1151708,812.6079663
2589171,1473.982885
1150935,1118.306439
1171351,522.0662644
2616375,1424.048795
2596940,337.0092153
2606666,1157.259933
1168512,166.6729543
1160878,995.24428
1165225,1973.907998
1169768,948.8998067
2618020,293.8745192
2594279,1652.041071
2606864,628.0332417
2588673,53.66679507
2607999,619.0357362
1174393,1957.320598
1162821,1548.762027
2586989,1765.757448
1176359,525.6970046
1161085,305.0832685
1166097,1835.758521
1162300,767.0116558
1173369,484.6801427
1173928,904.0997609
1170229,1417.440004
2586662,854.3237012
1149184,1911.981708
2609558,1212.591909
1175762,1410.357
2612737,536.766801
2618296,733.5346703
1173848,161.8005307
1163524,315.307213
1150368,1903.984952
2603177,1815.889613
1167600,830.6393688
1161046,1721.591531
2589132,1462.897687
1175125,721.5641438
1167833,669.9563686
1161387,1018.327537
2600545,754.3347557
1170646,1284.150647
2612293,403.05784
2600958,1618.647355
1161344,590.2433188
2607618,1139.10222
2616743,1530.434182
2595502,1059.638824
1172556,158.501351
2598594,1006.052634
2613135,984.7979652
1174411,115.185372
2607697,708.1188733
1162799,1333.731006
2605277,1721.051807
1170673,1503.90754
1152471,360.6408973
2602285,759.4011062
1166959,1707.069391
1166812,632.6014161
1164808,967.5293364
2615825,621.1950691
1168956,1534.514791
1170636,1778.660168
2585367,313.819426
2607691,1353.609869
2594335,410.0463117
2622971,1338.580169
2603990,1552.164114
2619267,1979.457643
2614847,1280.415614
1165005,1786.780287
2615107,907.2426106
1154015,1579.741494
2593763,1948.263367
1164792,1103.413785
2621971,1530.892449
2590550,990.2645175
2598954,92.41081877
1174661,14.49769958
1173605,1655.262905
2612809,23.73636955
2588013,991.3288178
2611587,29.77060724
1168355,1360.500458
1170155,1882.34676
1169905,1123.915777
2588560,321.1843344
1170222,1100.200721
2607743,1834.182249
1166809,394.3112747
2615540,1649.659021
1150536,561.4634596
2616319,350.5322864
1162320,1526.597927
1163672,1049.814418
2605761,1202.665267
2602696,1448.286272
1171059,535.8604402
2608041,373.5628542
1168831,526.6369041
2613015,656.7159423
1162951,702.0774249
2587185,725.0426024
1149680,394.5978079
1163978,567.7370645
2594917,1714.368448
2582783,792.8694839
1150967,560.5760774
1170635,517.6435608
1161383,1291.546
2624467,307.0148809
1163240,149.2929257
1167157,1376.640946
2620745,1495.957408
1152580,1243.796392
1152860,1746.238058
1170970,1143.972715
1163109,593.4199614
1172542,1343.98879
2596704,1659.242286
2597073,455.1728996
1166556,992.6850244
1151258,1037.923394
2604034,1906.604006
2597896,1610.034898
1172565,667.0750845
2589116,1008.684173
2600672,870.0808337
2614927,1626.53061
2612426,1366.716567
2595637,840.1873258
1152553,1247.296211
1164928,1085.943477
2613146,1759.307204
2611655,1857.699239
1173705,1074.575383
2603856,1701.513417
1168597,1370.284907
1175096,1259.159153
2618311,874.9687417
1166810,609.7864999
2587839,752.2832648
2609802,238.6022607
2605297,1213.555041
2605897,269.6118174
2608634,951.7479969
2588010,1038.361302
1166434,118.8708543
1166628,991.6108465
1171086,214.391773
2614656,141.1145908
1163845,876.878626
1164146,1706.41968
2621405,396.2583359
2619573,920.0882511
2609940,441.2590094
1165546,207.9841692
2608626,1650.873451
2609911,795.5732098
2620571,20.36722589
1150237,1507.13859
1167618,535.9797522
1163717,836.3305256
1170035,1946.718188
1150238,1477.283268
1164794,106.7568979
1163120,810.7184815
2613349,784.3100395
1151242,793.7839836
1152661,737.0286962
1161733,1742.520429
1165162,756.1856982
1161065,1628.296793
2608631,534.4037624
2594318,413.577058
2587301,1811.067459
2595670,1721.760653
1162933,396.606452
2618672,715.1325885
2608702,1684.777789
1150576,208.8527179
1165544,561.9004015
1165327,1463.189248
2608978,1473.599389
2585297,389.0217638
2602129,652.9593638
1172133,501.2030449
1171133,1007.240043
1162472,393.5972661
2604207,884.2944757
1166784,359.3627389
2587441,280.2093241
2592260,1073.550703
2609944,628.849547
1173952,154.0645366
2622356,1285.601057
1161064,960.5477295
2582210,1127.935276
2613393,1785.346491
2595435,764.1093196
2603033,107.3551855
1175918,1523.868935
2608466,454.3152326
2600435,1004.401317
1149760,1353.00592
1171332,415.3334382
2600622,140.0818098
2614072,891.0314123
1169674,311.1620944
1174694,1871.96569
1165686,703.7046862
2583655,413.0260402
1162746,321.4830733
1151316,1471.674791
1167054,1230.341517
1175074,261.1532943
1167862,1873.849199
2612239,1959.173382
1151678,1804.930895
1160897,1768.749548
2617184,1296.242754
1170278,88.16509514
2599206,1676.139304
1172779,1138.64195
1151267,1249.640253
1152151,833.8563692
1157792,1778.758965
2582835,1646.531667
2596829,356.8142928
1162695,1612.713358
2610428,1148.903015
2605055,753.4075033
1165083,869.0635101
2600800,339.6573873
1151510,737.9989555
2580750,913.7282214
1152321,1314.27496
1163585,1665.942292
1174710,1036.487869
1162697,455.18019
1171471,1246.758925
2606673,1653.465597
1161248,1982.257572
1167890,488.2495414
1164487,1795.454395
1166481,1042.238902
2613173,645.2071499
1163719,1832.022746
1170060,53.37780834
1168872,65.16689312
1170210,821.3721317
2619356,763.8593274
2615668,1394.647312
2600493,1412.469905
1161423,540.5799847
1167881,339.4779745
1168832,1813.262367
1171721,1544.904104
1151517,56.42573817
2591901,569.2977858
1161431,1193.815355
1159049,1272.416172
1166246,338.458105
1150931,1123.046515
1171060,1244.7101
2603126,4.551943769
1163051,996.5873095
2593052,1706.757825
1150595,960.3577872
1166331,829.9979902
1150634,558.0813602
2615660,1971.406111
2595520,1573.92424
1167894,84.61114626
1165822,1130.401229
2614282,1036.317077
2592611,345.2356895
2595453,1398.328167
1149754,765.7031986
2594219,596.8463881
2590757,1862.433777
2592560,1995.388878
2612438,1296.672654
2585068,1773.733603
2621562,1732.870362
1162985,1280.432618
1162649,1055.172361
1161201,1735.849765
2600788,1750.905894
2591755,1429.574839
1163456,1862.575512
2603216,118.8367778
2619583,15.66632923
2615858,203.4163249
2597961,1134.647054
2601509,307.9564615
2598099,1228.485329
2579263,1456.388764
1171036,1797.915538
1164474,1484.053826
2611029,1986.573645
1170615,961.6946642
2596828,1898.78789
2609556,1826.016577
2595638,1355.663756
1168987,677.9199159
1172208,1102.616628
2613354,993.9192186
2607536,894.5668239
2595646,1796.227743
1164154,1422.024909
1171338,1436.610831
2604292,797.0063601
2593752,1739.994681
1149778,420.0294804
2602650,304.1811626
1169311,1970.194286
2619831,540.4241217
1152542,167.2693206
1163813,522.6493296
1167041,990.8852088
2591311,1641.59199
1167601,1740.17586
2596818,1946.21829
1174435,727.1138676
1170310,1870.633185
2594830,809.7761347
1169767,1160.446863
1169791,829.0420773
2589128,1361.112979
2613361,669.3798899
1161049,1820.451567
1172104,328.8974921
1166956,325.6375423
2581716,307.4392535
2613359,592.9556662
1164228,8.077275113
1160091,1363.902956
1169459,1962.176117
2614274,1556.175484
1165812,545.2863556
1170555,1356.007534
2591902,757.2248303
1150235,1173.691035
1151956,603.2683536
1148685,1954.660142
2615645,73.35098951
1163064,919.9432772
1168124,1312.47285
2607751,139.2650262
1169249,1523.106653
2583613,493.012654
1164950,432.4673148
2615961,218.4911936
2621409,1710.053795
2614258,1714.096487
1174117,291.2560161
1167053,1503.002829
1169332,858.5262284
1172209,262.5938045
2621587,1947.250399
2609819,484.4244238
2604942,942.070447
2622797,661.89772
1160985,1297.128079
2595798,1527.951984
2598014,920.674547
1160004,2.366196687
2617810,1663.983765
1175000,878.91291
2605270,1773.669276
1164907,1153.970382
2603180,688.7557136
2595726,421.5037433
1168885,112.9054933
1169482,1273.802934
2595796,1967.139563
1152767,1464.91543
2615933,282.6222885
2620628,1023.021427
2610427,151.1457736
2605864,353.4206458
2616696,1385.527791
1175105,780.9239722
1176244,304.47867
1161122,253.259886
1160979,373.3304588
1170261,1795.894702
2597963,1126.522983
2615714,222.5457082
2603233,1847.824547
1164949,483.6600729
1170682,1688.003032
2614301,1550.015815
1163011,1322.766202
1166104,1901.766229
1160978,1669.746483
2614299,1686.229116
2621490,358.6233328
2618690,1929.220522
2604256,1238.563847
2624400,1495.676372
2611616,509.28325
2605801,607.8998324
2618363,1414.518351
2609882,1868.171368
2617811,46.46610021
2604849,936.2637796
2592926,783.3078665
1170979,660.8687428
1173841,1297.526898
2606740,1985.69171
2598098,73.73057903
1170083,1756.053379
2589955,939.9153725
1170387,1388.144191
1150494,50.46117948
2607752,1646.851629
1151094,518.4179524
2592115,397.8540405
2620573,871.4566003
2611092,1893.504899
1162615,60.34044913
2593761,81.3042308
2591476,1257.718153
1164247,71.14067672
1169500,330.9867476
2595357,271.3653611
2613030,653.9863094
2603245,398.6545185
2599204,845.1871856
1166314,37.54861296
1150334,1964.7337
1161242,1325.261297
2612685,1674.987435
1167385,267.4493005
1168874,367.5393954
2604253,156.2354186
2622991,1257.877276
1161374,1214.552589
1166483,484.4795292
1163844,697.7756287
1172620,751.6545108
1167309,601.6426545
2603246,1846.887657
2614351,892.2421278
2615998,1174.345056
1151912,1291.15216
1163485,1283.58118
2601584,1658.752748
1169757,1661.58922
1166197,1233.825057
1173576,233.223196
2622272,1620.013839
2615073,1619.521743
2613053,901.2335945
2609943,1439.622434
1164209,1884.776523
2602570,1081.493313
2614837,29.54115451
1159764,1016.233484
1160438,1763.56456
1162927,939.494821
2612170,811.3925724
1161721,1744.116075
1151897,1788.919907
2607712,106.2260735
2611720,697.9792518
2614660,75.46573686
2607522,1046.262701
1165972,1312.564869
1151270,803.329325
2611016,1924.14694
2616895,1423.440184
2619589,135.3659584
2618441,828.8341269
2618240,1868.973928
2605902,1683.232501
1147750,633.4327516
2604835,1039.38757
1167055,589.6949321
1168228,1025.966856
1165214,884.2299483
1167443,1895.45526
1168827,1682.965044
1165216,1842.602751
1151396,596.7069643
1173951,443.0952999
2618298,996.5734922
1152894,1953.952446
2595019,694.7075507
2605988,144.7130916
1166119,1319.41545
1162977,1450.364099
2604999,538.6466993
1174395,1410.904767
2589954,214.0444618
1168487,1552.732841
2603914,243.5004859
1170578,1035.71278
2588282,940.5923849
1170209,997.6425984
1151653,982.656066
1167060,1454.811614
1165570,551.7022493
1171444,1826.588494
1150919,503.7372069
2594273,718.1298455
1152199,1006.887029
1167587,1038.592816
1169013,1657.958638
2608632,1172.311084
1176360,562.1416613
2613056,1138.538749
2599274,1323.77404
1162743,769.6432661
1173306,489.1517551
2603260,1296.375138
1167598,169.5313811
1161455,946.6082789
1174077,672.3826374
1169331,660.381883
2605000,1792.018024
2603264,633.7018156
2606839,1858.502912
2582200,1525.321995
2604361,1894.805585
1173729,600.6703499
2579254,93.40386551
1168104,1483.856965
2587651,1463.048032
1164936,1089.979222
2595580,662.0138699
2596987,26.60145932
1168858,1450.2808
2592927,1644.863963
2605200,33.01473103
2614218,764.6901819
1172819,1361.686199
1169220,1503.576584
1163546,1906.537653
2589437,1509.554945
1163487,874.8099637
2593747,767.3352598
2607457,1487.7217
1171061,1100.450554
1171135,348.5050638
1169549,1594.856868
1170586,514.6554707
1167121,731.5618018
1160980,1308.163666
2609970,616.3683107
1163986,1319.657393
2611811,554.5840248
1169571,478.7051845
1152531,368.393519
2607810,119.4877339
1171874,1467.458588
1160987,347.2772213
1172223,835.465834
1166929,74.75470748
1167092,1705.861607
1170679,892.9442562
2588800,1742.199471
1164938,1609.010205
2609810,1758.20535
1169019,570.5975273
2618663,1473.709914
1161582,993.7186614
2610649,1804.844318
1151117,953.0026043
1164249,1119.5046
2609820,1712.192524
2609876,543.0707907
2588646,1043.910014
1151515,1312.412348
2609816,616.49795
1176132,1373.192506
1166319,206.6291385
1172503,152.5567517
1152895,1781.864532
1173382,834.6825923
1165572,1608.953266
1160941,924.8414811
2589115,453.977362
2596703,353.7977633
2599022,886.6321132
1167901,461.3706922
2594173,1891.950314
1173588,1620.37806
1174086,71.55224921
1164169,798.3909576
2604079,780.0510401
2602267,19.67420416
2596111,143.0381325
1163653,1753.036514
2611031,800.8916822
1152842,1503.56916
2604857,292.6713325
1174449,1662.086632
2583876,1871.634653
1166277,1555.0446
2604693,1603.778468
2614947,988.4553462
1168100,1841.955144
1162798,184.0124897
2589655,769.7223902
2594281,283.497472
1166155,1168.993854
2617486,1018.285926
1150604,1182.861245
2596845,1829.195672
2620569,1794.026072
2612655,1060.032824
1160797,575.6676129
1151973,567.0765124
2618353,273.4615773
2589028,67.53040979
2605394,1311.944469
1166340,957.533058
2614349,1154.24334
1164704,1723.300236
2605656,1372.34667
1173323,194.9923888
2596809,969.8419361
2617568,1432.552881
1163535,2.341421315
2607525,1268.9176
1152898,1108.288657
2597886,613.6816108
1166179,123.7964157
2607742,946.0365836
1150687,561.9792623
2597849,129.8879362
1151392,447.1124583
2598629,1073.115084
1161137,1536.662292
2601556,592.1758325
1162698,808.5419692
1167526,1647.150034
2602005,584.2844625
1169730,1542.844407
2607750,927.8285761
2594210,1641.228036
2611617,33.90664712
2618689,1161.77061
1151306,1445.472499
2587223,384.8829446
1149172,707.9186613
2595491,233.0437306
2589095,519.1229564
1163482,1144.004626
1163645,963.2153629
2605130,1891.367152
2619590,1918.214644
1166515,391.280483
1163047,1551.790798
1174027,579.3647881
2622019,1490.751756
2615709,1747.039862
1175940,554.8462688
2613351,992.1955445
2614267,1561.011109
1151003,263.931434
2589102,388.3881817
2595775,390.8898123
1152798,1599.880238
2601043,1730.654849
2618444,1550.968171
1152557,1872.042779
2602293,1192.767558
2589160,1467.954856
2613097,270.2575997
2616583,901.0740492
2600787,1659.744569
1169876,1770.989373
1152335,870.0209075
1174406,428.6630517
1152341,428.7898148
1173359,192.8126373
2608865,955.2562764
2598992,81.23107687
1170727,388.4834575
1167623,514.0886033
1168038,96.53192329
1164443,994.1181146
2615997,411.9342588
1166061,171.3382708
1163769,1003.94851
2616374,995.6973147
1161987,1770.800071
2583665,241.2546857
1170082,789.7534166
1152663,1900.636457
2616414,1634.36354
1166300,170.590186
1162694,1779.23894
2615517,1744.254394
2619297,1139.635595
1162208,755.6765783
2594301,1868.578332
1175101,1512.808291
1170138,1935.719183
1173068,1001.435511
1166592,1135.129291
1151086,953.400471
1149118,1473.372057
2622413,1753.156581
2620586,1060.988222
1172714,417.8328777
1151450,435.301516
2595649,1475.989538
1171017,165.0017577
2618355,1751.860772
2612212,1680.149606
2591500,1821.46313
2607790,801.9139621
2600635,1046.131685
2583789,680.287656
2590161,823.7148654
2605972,1350.866338
1168109,461.5917632
2605862,980.8648357
1167070,887.4183493
1171917,929.2241318
2595578,434.666442
1162645,1930.050947
1160206,1695.557536
1168953,363.9990948
1151113,558.9050666
2611875,402.2926076
1173054,1382.462095
2609879,1100.398336
2607698,1178.734847
2600717,1276.855123
1167607,1747.730153
1151317,1654.852527
2602658,1911.914014
2590297,362.7287042
1162330,1138.724436
2588645,510.1928339
2599018,1245.918928
1150722,842.9197618
1151393,1754.655772
1162469,596.8380978
2585804,1728.723953
2598092,275.3287361
2595825,677.8023328
2582190,271.3377139
1152245,211.0488719
1149198,582.6337704
1159612,275.4597731
1169336,146.5846838
2600798,936.410872
2603860,76.98955211
2595444,1111.252916
2588802,1557.442512
1173736,1697.066194
2613348,743.045365
2602286,239.0735895
2598136,1608.278825
1149681,210.1981691
1173357,359.8959658
1169480,1289.90803
1172052,618.4759684
2620744,1171.754397
1172629,1743.499174
2592122,1683.99401
1166638,76.77480933
2597801,257.2450468
1173699,99.90890047
1168985,1464.422659
1173088,1767.088887
1164946,1529.52116
2602290,582.9708041
2592595,809.5439715
2621297,1137.380199
1162706,423.8993155
2608639,1874.65599
2586930,1474.628821
2616941,1716.200301
1152606,332.9310434
1167530,119.9821605
1151740,1116.479462
2604944,1795.257758
1163223,646.5210447
2616310,1614.955017
1173441,625.313148
1162704,91.68932103
1161141,1895.01405
1165019,1357.127234
1161241,1975.753518
2618512,975.7422899
1173756,1790.361406
2611889,501.3973962
1150598,633.3214357
2610376,79.74325408
1163181,374.3359122
2608716,1382.311875
2615526,1110.944915
2609971,902.6653079
2587418,565.1761318
2605687,1760.979345
2593698,1349.38193
1166485,31.4093448
1163380,1344.70925
2608395,1133.613801
1149690,1100.011404
1160103,787.4165329
2595682,497.7533799
2598615,1804.458928
2594293,774.3822249
1172096,1158.628935
1168884,194.576846
1170134,879.5296673
1159695,1079.563934
2612450,972.6735409
2607916,122.9816104
2602544,1921.057294
2617170,1728.43513
